e971773f,人人优品是一个共享电商平台，通过跟厂商源头、品牌方合做，去掉中间环节增大利润空间，把中间环节省下来的利润分给消费者，达到买家、卖家、平台三者同时获利，这个相较于没有产品纯粹依靠人员吸纳形成空转获利的传销诈骗行为来说，是有本质区别的。1,优品;人人优品
a408f408,1,
07e60597,重磅中国平安旗下陆金所将退出业务转向腾讯证券7月18日讯，据路透社报道，三位知情人士表示，中国最大在线财富管理平台之一的陆金所计划退出业务，而业务曾是陆金所的核心业务。其中两位知情人士表示，陆金所退出业务是由于监管障碍所致。这些知情人士表示，他们并不知晓陆金所何时将关闭业务，但称该公司已经开始申请的牌照了。陆金所放弃业务，并重点转向可能会使得其上市计划更加顺利。陆金所，全称为上海陆家嘴国际金融资产交易市场股份有限公司，由于2011年以平台的形式成立。两位消息人士称，自2016年以来，陆金所一直难以满足贷款机构向地方政府注册的要求，因而导致其放弃业务。一位消息人士表示，陆金所业务的员工将会被并入一个专注于的新部门。拒绝评论，陆金所也未立即对此置评。2018年年底时，陆金所资产负债表上的未偿还贷款达到了3750亿元，同比上升30。在2018年12月，陆金所在一轮融资中筹集了13.3亿美元的资金，估值达到了380亿美元。1,陆金所;中国平安
6fb21243,据火币官方文件显示，8月27日，李林亲自签发了关于辞退某部门管理者内部通报，经查，在该部门经手的部分渠道供应商联合欺诈渠道推广费用过程中，上述管理者负有付款审批责任而被辞退，而具体当事人也被辞退。1,有付;火币
e476b099,#全民保支付宝#之前听说买什么都别买保险，现在发现支付宝合作的也不例外。3.17被支付宝全民保的体验金活动忽悠，以为是基金呢，随手投了2200元，毕竟支付宝从来没坑过我。好不容易找到了...全文：#全民保支付宝#之前听说买什么都别买保险，现在发现支付宝合作的也不例外。买保险，现在发现支付宝合作的也不例外。3.17被支付宝全民保的体验金活动忽悠，以为是基金呢，随手投了2200元，毕竟支付宝从来没坑过我。好不容易找到了...全文：#全民保支付宝#之前听说买什么都别买保险，现在发现支付宝合作的也不例外。1,支付宝;蚂蚁金服;随手投;全民保
a7e84ca3,为加强对网贷行业严重失信行为的约束与惩戒，保护出借者的合法利益，中业兴融根据监管要求，对逾期时间超过6个月，经合法、必要的催收，且未按要求如实提交财产申报资料情形的借款人，列入严重失信网贷借款人名单，并进行失信公示。1,信网贷;中业兴融
92b3ea38,跑路、良性退出、停业、提现困难.....据ok贷了解，这是我国平台自备案延期后目前的大环境。1,ok贷;k贷
46112653,红岭创投年内清盘线上债权资产红岭创投创始人周世平在公司官网红岭社区专栏发布虽然是清盘，但不是说再见的帖子。根据帖子内容，红岭创投2021年12月底清盘平台线上债权资产，未到期部分债权由红岭控股全额收购。红岭创投年内清盘线上债权资产红岭创投创始人周世平在公司官网红岭社区专栏发布虽然是清盘，但不是说再见的帖子。1,红岭创投;红岭控股
26d6afb6,运营10年的元老、广东最大网贷平台红岭创投，3月23日宣布清盘。红岭创投2021年12月底清盘平台线上债权资产，未到期部分债权由红岭控股全额收购。1,红岭创投;红岭控股
3312f40a,1,
29cf4db3,@焦点访谈@半岛网@顾国平@联璧金融。@焦点访谈@半岛网@顾国平@联璧金融。1,联璧金融
a817e816,其实今年月份就已经传出钱宝提现困难了，那个时候采取强制措施应该还可以固定住很多资金。1,出钱宝;钱宝
8675ad50,钛媒体综合6月13日，以狙击中概股闻名的浑水创始人称，好未来欺诈性地创造利润，他在做空中国的好未来。1,钛媒体
98035808,1,江苏联宝订单信息科技发展有限公司江苏联宝订单信息科技发展有限公司
b785472a,1,
7c7dfdf7,1,
74ee63c6,接到用户举报，经核实吧主爱上你的大象腿长期未对贴吧进行管理及发言，无法在建设金盛二元期权吧内容上、言论导向上发挥应有的模范带头作用，严重违反吧主协议，故撤销其吧主管理权限。1,金盛二元期权;期权;二元期权;期权吧
97b60f42,P2P理财无忧车贷：高峰挤兑期已过，雷潮或将接近尾声在问题平台中，90以上都出过羊毛，而且体量还不小。在这次行业的雷潮中，只有早早布局、坚持合规运营的平台才能够见得雨后彩虹，而无忧车贷已蓄势待发。无忧车贷专注于车辆抵押借贷三年，手握大量优质的资产端，标的真实，收益稳健，对于有着深刻的理解，并且坚持小额分散原则，未来，无忧车贷将为解决传统金融机构无法覆盖到的小微实体融资难题持续做出努力和实践，是广大投资者投资理财的稳健首选。1,无忧车贷;P2P理财
edac3f1e,1,
eac1fb07,1,
56ea988d,市长视察.下载附件保存到相册2016301501上传2014年8月5日，开封副市长牛春堡视察理财邦并作重要批示77261bc.下载附件保存到相册2016301503上传理财邦自融铁证，仙侬园获得开封市政府立项，交易凭证1副本.下载附件保存到相册2016301504上传投资人款项打给了法人的大儿子账户赞赏支持分享赞0收藏理财邦官网资。1,bc;理财邦
60900ec3,中新社长春8月29日电29日6时30分，昆明到长春的次列车缓缓驶进长春站...10名嫌犯被从缅甸押回国吉林破获跨国电信诈骗案社会频道东方头条。中新社长春8月29日电29日6时30分，昆明到长春的次列车缓缓驶进长春站...10名嫌犯被从缅甸押回国吉林破获跨国电信诈骗案社会频道东方头条。1,东方头条;头条
a75066ce,华西都市报观天下观天下观天下规范地名，审慎稳妥是良方民政部各地要稳妥推进清理整治不规范地名工作失踪教师之子邓蓝冰：等了16年，只想知道真相哈尔滨银行股份有限公司成都分行与北京安创融汇资产管理有限公司债权转让通知暨债务催收联合公告李狄三：挺进藏北解放阿里的人民功臣邓仕均：特等战斗英雄5月全国二手车瓜子价格指数：交易均价稍有回落沪蓉渝三城位居交易量前三大家都在看。合公告李狄三：挺进藏北解放阿里的人民功臣邓仕均：特等战斗英雄5月全国二手车瓜子价格指数：交易均价稍有回落沪蓉渝三城位居交易量前三大家都在看。1,京东白条;北京安创融汇资产管理有限公司;哈尔滨银行股份有限公司
334437be,碰瓷党借共享单车玩新花招车主中招毅然选择报警求助5月11日上午，王先生在开车行驶途中，发现前方一辆黑色轿车行驶异常缓慢，即便是查看详细小蜜单车披着共享单车的外衣进行非法集资涉嫌拉人头式的庞氏骗局之前，朋友圈突然刮起了一阵小蜜共享，躺赚百万之风。1,共享单车
f93cbbc2,令人伤心的是，此时，社会上流言四起：有人说阳群做公益是想扩大生意，甚至说她搞募捐是非法融资面对突来的一切，阳群动了退出维爱公益协会的念头。1,爱公益
f4c60325,#玖富万卡#支持玖富万卡怼逾期老赖，加油玖富@大大宝子1#玖富万卡#。1,大大宝;玖富;玖富万卡
9ada02f2,多年来一批打着境外投资外汇机构牌子，有的甚至是以知名国际外汇投资机构的名义，在中国境内通过互联网炒作境外汇率即非人民币汇率牟利。1,汇投资;国际外汇投资
ff9315ec,外汇投资骗她投入10万元这是一个带领大家赚零花钱的群，投资门槛低，100块钱就可以做，30秒可见收益。1,大家赚;块钱;零花钱;汇投资
81226951,：猴子理财、国民丰泰、E都市钱包  摘要 是内幕君在以前固定的黑名单基础上，新增设的栏目。 根据数据，猴子理财昨日成交金额为0，贷款余额5667.94万，资金净流出430万。猴子理财隶属于，公司成立于2015年8月，注册资本5001万元，控股股东为自然人黄鹏。 国民丰泰昨日成交金额为79万，贷款余额4590.44万，资金净流出126万。国民丰泰运营主体是深圳市前海国民丰泰互联网，是国民金融控股有限公司旗下的互联网金融信息中介平台。 E都市钱包昨日成交金额为1488.47万，贷款余额49730.34万，资金净流出1317.74万。E都市钱包平台隶属于浙江楚橡信息科技股份有限公司，该公司成立于2015年4月，注册资本亿元，控股股东为浙江阿拉丁电子商务股份有限公司。1,E都市钱包;猴子理财; E都市钱包;国民丰泰
00d453ce,宝丰能源、鸿远电子今日申购央行将发行2019年版人民币五部门联手发文力促钢企完成超低排放改造。证监会决定对贾跃亭立案调查中国平安一季度净利同比增77国有六大行一季报出炉：日赚超34亿，工行仍最赚钱石化双雄一季度业绩开局良好，净赚483亿会开展农村中小银行股东股权排查整治...全文：宝丰能源、鸿远电子今日申购央行将发行2019年版人民币五部门联手发文力促钢企完成超低排放改造。证监会决定对贾跃亭立案调查中国平安一季度净利同比增77国有六大行一季报出炉：日赚超34亿，工行仍最赚钱石化双雄一季度业绩开局良好，净赚483亿会开展农村中小银行股东股权排查整治...全文：..59819686194366700797077223。1,鸿远电子;双雄;宝丰能源;中国平安
f6036994,宜信相关信息公司新闻行业动态信息披露三板百科关键词宜信宜信爆内外勾结骗贷涉案人员获刑7年关键词：宜信20190404投中网20190404宜信旗下博诚保险完成8000万元融资关键词：融资宜信博诚保险20170222投资界20170222共1页2条热门公司更多第8批6家科创板上市申请获受理增至50家科创板受理企业和舰芯片、利元亨获问讯芯原微电子、新数网络拟科创板上市科创板发行价越高越好？估值和定价博弈已上演会议活动更多嘉定区企业境外上市沙龙圆满完成20190329184257第十三届中国私募基金高峰论坛盛大起航20190327104421三板行情走进新三板活动会议研究报告资本邦研究院。1,宜信
1694dc1c,1,盛付通
c73d1272,东方ic图自2015年至今，上海、常州、嘉兴等地公安机关侦办、披露的文物鉴定、拍卖诈骗案件已达34起，批捕或控制犯罪嫌疑人412人，已核实受害者五千余人。1,ic
c63ef03b,微E贷：在P2P理财暴雷后该如何选择好平台？自2018年以来，P2P理财行业就一直处于各种不同的形势下，特别是今年6月、月份已有一百多家P2P理财平台相继暴雷，面对行业形势，不少投资人感到迷茫，不知道该怎样挑选合适的平台，那么，投资前该了解哪些知识呢？对于今年月份以来的暴雷事件，微诚集团董事长、微E贷负责人邹春平认为，这次雷潮的集中爆发，不止波及了众多投资人，还加速了监管对行业乱相的从严整治，也打碎了许多人对P2P投资的简单挣到高收益美好幻想，风险教育也一再被监管提及，提高风险意识成了投资人不得不正视的问题。众所周知，P2P理财行业有四个重要组成部分：监管机构、网贷平台、借款人和出借人，监管机构监管政策频出促进网贷行业规范发展，网贷平台坚守合规之路争取尽早通过备案，借款人要按时还款避免逾期，而投资人就要理性对待行业正确投资。1在时下这种情况下，投资者首先要考虑所选P2P网贷理财平台成立时间，一般最少成立时间得是三年或三年以上，从网贷理财平台的合规性、银行存管、等保三级认证、业务模式、信息披露、收益率考虑，这些公司平台应该是广大P2P理财投资者们的首要考虑目标。像微E贷就是这么一家值得投资人选择的、足1,微E贷;P2P理财
7ecfd22a,习远平忆父亲习仲勋：他教孩子浙江绍兴一老总涉非法集资被抓客服人员个人总结央行全面放开贷款利率管制分散投资最大好处是风险可承受好想贷平台申请可信网站获通过好想贷将遵循利率市场化他们正在借钱...。1,借钱;好想贷
3b1069e7,小编觉得龙网靠谱还有他的口碑，比如，当时一个垃圾项目团队造假跑路，龙网对于事件就拿出了自有资金近2000万元对用户进行回购补偿，托底负责投资者的损失。1,靠谱;龙网
4ab8f75f,mmm互助平台内幕报道引热议公安机关建议市民警惕。1,mmm互助
8f2639d8,1,
691e227e,周五收盘了：持有以下票的朋友，拿不准走势、被套的评论或留言青岛港骆驼股份中国平安中国人保秦港股份交通银行绿色动力广深铁路新华保险百隆东方三六零利群股份 ?。周五收盘了：持有以下票的朋友，拿不准走势、被套的评论或留言青岛港骆驼股份中国平安中国人保秦港股份交通银行绿色动力广深铁路新华保险百隆东方三六零利群股份 ?。1,交通银行;广深铁路;骆驼股份;青岛港;绿色动力;利群股份 ?;中国人保;中国人寿;秦港股份;新华保险;中国太保;中国平安;三六零;百隆东方
ee61869c,财联社7月27日讯，7月26日晚间，金亚发布公告，公告称近日公司实控人周旭辉因涉嫌欺诈发行股票罪，已于近日被中国证监会移送公安机关。1,金亚;财联社
3b2e4167,胡群.信用卡诈骗案呈上升趋势北京首现透支禁止令每经网.....。1,每经网
a3409e51,在最近的一段时间里面，许多网贷平台都陆续爆雷，投资者由于没有及时意识到平台出现危险状况，导致投资在平台的金钱血本无归，51网贷查询平台可以帮到大家解决这些事情，大家平时可以多关注里面的信息。1,51网贷;51网贷查询
a70c6a9d,最新红岭创投4月25日前进行兑付现有资金亿元天眼原创讯4月16日消息，红岭创投创始人周世平在红岭社区发布最新进展汇总称，平台现金账户余额均在1亿元左右，初步考虑本月25日之前开始兑付，本月只兑付两次，以后每月兑付四次，保障各位投资者基本生活保障。此外平台以红岭创投和为主，不包含亿钱贷。目前，红岭创投已将兑付款专用账户开好，并拟了出借人监督委员会选举办法，月底将正常兑付。周世平表示，红岭创投清收委员会名单初定本周正式开始工作，磨合两周再确认正式名单并承诺平台将不余遗力保障投资人的资金安全。1,红岭创投
a81cd96c,广发基金管理有限公司关于增加挖财基金为广发科技动力股票型基金销售机构的公告广告168金服票据投资新模式20180521090302来源中国证券报已入驻财经号作者佚名分享到关注中金在线：扫描二维码关注中金在线在线咨询：扫描或点击关注中金在线客服根据上海挖财基金销售有限公司以下简称挖财基金与广发基金管理有限公司签署的销售协议，本公司决定新增挖财基金为广发科技动力股票型证券投资基金的销售机构。投资者自2018年5月21日起至2018年5月25日可在挖财基金办理该基金的开户、认购等业务。投资者可通过以下途径咨询详情：上海挖财基金销售有限公司客服电话：02150810673公司网址：..热门搜索郑州抓获涉传销人员130余人江西挖出巨型阴沉木76集团军在高原进行演习大熊猫国家公园正式获批自揭731细菌战暴行全国建2442公里红色旅游公路为您推荐更多评论网友评论文明上网，理性发言评论中金登录登录登录评论退出。1,广发基金管理有限公司;上海挖财基金销售有限公司;挖财基金
25f40170,1,
054b8412,、被起诉至法院你我金融绝不轻易姑息有严重逾期行为的借款人。1,你我金融
93fed316,我今天提到的5.5亿债券暴雷，中泰证券在里面扮演的角色只是代销商，你可以理解为中介，和咱们平时用的和蚂蚁财富一样，通过这个平台去购买基金公司的产品踩雷的是一个私募，私募买的债券炸雷，中泰只是帮私募卖产品，本质与中泰证券没关系，所以里面的股票更不用担...全文：我今天提到的5.5亿债券暴雷，中泰证券在里面扮演的角色只是代销商，你可以理解为中介，和咱们平时用的和蚂蚁财富一样，通过这个平台去购买基金公司的产品踩雷的是一个私募，私募买的债券炸雷，中泰只是帮私募卖产品，本质与中泰证券没关系，所以里面的股票更不用担..为中介，和咱们平时用的和蚂蚁财富一样，通过这个平台去购买基金公司的产品踩雷的是一个私募，私募买的债券炸雷，中泰只是帮私募卖产品，本质与中泰证券没关系，所以里面的股票更不用担...全文：我今天提到的5.5亿债券暴雷，中泰证券在里面扮演的角色只是代销商，你可以理解为中介，和咱们平时用的和蚂蚁财富一样，通过这个平台去购买基金公司的产品踩雷的是一个私募，私募买的债券炸雷，中泰只是帮私募卖产品，本质与中泰证券没关系，所以里面的股票更不用担...全文：..30163785274378114135782502。1,蚂蚁财富;中泰国际;中泰证券
06cf507c,的大部分工作自然需要保密，但众所周知的是，该公司发现可疑欺诈活动的模式和数据异常技术源自服务paypal。的大部分工作自然需要保密，但众所周知的是，该公司发现可疑欺诈活动的模式和数据异常技术源自服务paypal。1,paypal
ea045be1,银桥网分析，本次网贷平台爆雷潮的主因在于，一是一些主打自融、虚假标的、资金池等庞氏骗局的平台在监管趋严下难以为继二是流动性趋紧导致贷款端逾期率上升、平台累计的准备金难以足额赔付三是投资者资金流入放缓，导致存在期限错配的平台流动性问题凸显。1,银桥网
e355afe7,本来投资人都必须跟专属客服联系，每个人每周限制提现2000，现在可好，已经完全不能提了2.21.下载附件保存到相册2015221443上传2.22.下载附件保存到相册2015221443上传2.23.下载附件保存到相册2015221443上传赞赏支持分享赞0收藏365金融官网资料平台档案回复使用道具举报。1,365金融;金融官网;来投
d00443e9,信托机构又踩雷根据东方财富网5月16日龙虎榜数据，当天机构净卖出奥瑞德的股票排名前三，机构资金流出净额为9791万元。1,龙虎榜;东方财富网;东方财富
6e11c2b4,理财圈又炸了，非法吸存600亿，周伯云等8人被批捕201804261041来源陆金所原标题：理财圈又炸了，非法吸存600亿，周伯云等8人被批捕我是大保哥，这里有最热的资讯和最犀利的点评头条：最新。1,陆金所;头条;理财圈
801fa398,@千黛健康养生@陈里@微天下@澎湃新闻政府部门发证民众相信了一分官方媒体宣传，民众又相信一分政府官员站台，民众又相信一分法院判决未查证属于非法集资，民众又相信一分。1,微天下
b0f9ca14,以大宗商品交易市场进行非法集资。1,大宗商品交易
2832f199,金评媒2.长沙要求未纳入整治范围机构报送业务开展情况6日，长沙市非法集资专项整治工作联席会议专门工作办公室发布关于报送网贷业务开展情况的通知。1,金评媒
846006b8,1,
031fa25a,精微交易吗sky蓝天国际微交易是不是平台有内幕操控。1,国际微交易;微交易;sky蓝天国际
0dc42a68,您所在的位置：首页资讯通知公告江西银行婺源支行惠农确认放款名单公示发布时间：20181108来源：江西银行婺源县支行中小字号：大根据饶办发26号上饶市委办公厅、市政府办公厅关于印发上饶市融资试点工作方案文件要求，现就婺源县农工部、江西银行婺源县支行审批通过惠农贷款人员名单公示如下序号名称法人电话经营范围核实后拟授信额度婺源县清华茶叶种植户黄彤13803592867茶叶种植、销售200万元在公示期内，如何单位和个人都可通过来电和来访形式，反映公示对象在信誉和真实性等方面存在的问题，公示时间：从2018年10月9日到2018年10月11日止，共三天。投诉电话婺源县委农工部07937358931.江西银行婺源县支行07937259822.。1,江西银行
79059206,1,
524cad00,调查丨记者发现9家房企涉嫌违规销售房产局称会依法查处搜狐财经搜狐网。1,搜狐财经
f8faf96d,根据halifax地区警察周二发布的消息，在2004年1月至2017年1月期间，任何使用西联汇款将资金转移给欺诈者的受害者均有资格提交索赔。1,halifax
ab2ec010,整改有待提速融360统计数据显示，截至2018年4月23日，全国共有832家正常运营的网贷平台上线银行资金存管系统，占融360监测范围内正常运营平台的53.16累计36家银行存管平台爆雷，涉及问题主要包括网贷平台跑路、提现困难、经侦介入等。1,融360
7ea08f95,掌中财富首席执行官吴坚宏指出，在这轮全行业的压力测试中，最先被淘汰的是涉嫌诈骗、自融的庞氏平台其次是以大额超限标的为主的平台，因为风险集中爆发而难以为继再者是存在资金池期限错配的平台，因为流动性困境而被迫出清既而是资产质量不佳，风控能力不强的平台，由于资产状况恶化，逾期风险加剧最后则是平台整体运营管理能力弱的平台，缺乏长期存续和盈利能力，最终在竞争中被淘汰。1,掌中财富
0f286968,拉上盖网这个垫脚石，是因为这个前辈确实比较能折腾，也很长命百岁，原始股、消费返利、电商盘、盘各种概念传销能玩的大概念，都遛了一遍，有熟悉盖网历史信息轨迹的网友记得联系我们，这种典范应该好好推崇推崇。1,返利;盖网
55ada413,淘宝公然销售拉卡拉机真是牛逼，牛逼，上市公司的确牛逼@中国银联@淘宝淘宝公然销售拉卡拉机真是牛逼，牛逼，上市公司的确牛逼@中国银联@淘宝..。1,淘宝;拉卡拉;中国银联
fa39dbca,爱投资官网据李某供述，。爱投资官网据李某供述，。1,爱投资（粤）;爱投资
f6a4eda1,关键词：客户端6月26日电据长沙市纪委市监委官方网站廉洁长沙26日消息，根据长沙市委巡察移交的问题线索，经查，长沙银行党委委员、副行长孟钢涉嫌严重违纪违法，目前正接受长沙市纪委市监委纪律审查和监察调查。原标题：优财网：长沙银行党委委员、副行长孟钢接受纪律审查和监察调查客户端6月26日电据长沙市纪委市监委官方网站廉洁长沙26日消息，根据长沙市委巡察移交的问题线索，经查，长沙银行党委委员、副行长孟钢涉嫌严重违纪违法，目前正接受长沙市纪委市监委纪律审查和监察调查。2001年6月至2005年10月，任长沙市商业银行湘银支行行长2005年10月至2014年10月，任长沙银行汇丰支行行长2014年10月至2015年8月，任长沙银行人力资源部总经理2015年8月至今，任长沙银行党委委员、副行长。原标题：感谢您对优财网的支持我要评论上一条：下一条：最新更新。1,优财网;长沙银行
84cafbe1,1,
5cbe0c83,#支付宝#买什么都别买保险，支付宝合作的也不例外。3.17被支付宝的体验金活动忽悠，随手投了2200元，毕竟支付宝从来没坑过我。#支付宝#买什么都别买保险，支付宝合作的也不例外。3.17被支付宝的体验金活动忽悠，随手投了2200元，毕竟支付宝从来没坑过我。1,支付宝;蚂蚁金服;随手投
3ddf8394,：财富派、小狗钱钱、壹心贷摘要是内幕君在以前固定的黑名单基础上，新增设的栏目。根据数据，财富派昨日成交金额为0，贷款余额10566.44万，资金净流出370.37万。财富派隶属于北京汇聚融达网络科技有限公司，公司成立于2014年7月，注册资本3000万，控股股东为自然人马杰君。小狗钱钱昨日成交金额为0，贷款余额28793.11万，资金净流出980万。小狗钱钱由上海隆培资产管理有限公司运营，公司成立于2014年12月，注册资本为1亿元，由中甬经贸发展中心全资控股。壹心贷昨日成交金额为0，贷款余额14988.14万，资金净流出370.37万。财富派隶属于北京汇聚融达网络科技有限公司，公司成立于2014年7月，注册资本3000万，控股股东为自然人马杰君。小狗钱钱昨日成交金额为0，贷款余额28793.11万，资金净流出980万。小狗钱钱由上海隆培资产管理有限公司运营，公司成立于2014年12月，注册资本为1亿元，由中甬经贸发展中心全资控股。壹心贷昨日成交金额为0，贷款余额14988.16万，资金净流出430万。壹心贷为江西懿懿投资咨询有限公司旗下网络借贷平台，成立于2013年11月，注册资本为5000万元。1,小狗钱钱;壹心贷;财富派;财富派（泸）
fa1feb99,1,
647b7e3a,今天上午来4s店提车，买的平安保险期限7月31号生效，业务员弄成8月31号了，然后我交了车款，没法提车能退保吗？我还着急提车回家呢@@@人民日报@央视财经上午10点多到现在业务员还没有给我解决方案，还在店里等着。1,平安保险
763c0846,优财网：刘士余缘何自首：债市一姐戴娟案或为导火线感谢您对优财网的支持声明：优财网所提供的信息仅供参考若有疑议请发送邮件到@.，我们将在2个工作日内审核处理。我要评论已有人参与验证码：上一条：优财网：怎样稳增长下一条：优财网：山西：力推国资国企改革进入全国第。1,优财网
7c662afd,1,
c432ec57,一、长沙平台前沿财富：发布清盘公告曾在腾讯界面一直有广告合作，认为比较靠谱的平台网址：.。1,靠谱;前沿财富
a757818f,请问大家网贷之家推广的返利活动平台有跑路的吗？求大神指教。1,返利;大家网;网贷之家
767282eb,1,
6eabd99d,1,
995931dd,201804231455来源财联社原标题：处置非法集资部级联席会议办公室负责人杨玉柱表示，2017年全国新发涉嫌非法集资案件5052起，涉案金额1795.5亿元，同比分别下降2.8、28.5，继续保持双降态势。1,财联社
23acf103,无良理财平台冲击金融风险底线，600多万受害人投诉无门多盈财富号称中国领先的直销银行平台，其控股人周之峰打着响应国家发展普惠金融号召的旗帜，非法吸收公众财产非法自融，大量投资项目逾期，导致来自全国各地的600多万投资者投资到期无法兑付。1,普惠金融
a715dd19,了，中国有太多家庭血本无归，他以公司在外洋上市为圈套，接收民间投资，又以传销制度来扩展，本身赚了大钱，公司失过后一向躲在表面，其后又操盘盖网，他。1,大钱;盖网
1a283d65,恒强科技招股说明书还披露，公司实际控制人、董事长胡军祥涉及两宗民事诉讼与一起第三方金融凭证诈骗案。1,恒强科技
5b7cb20c,1,
6b680212,链家旗下，婶婶，家理财更名为链链金融北京上地。1,链链金融
4383d929,因涉嫌欺诈发行股票等违法行为，于近日被中国证监会移送公安机关的在连续跌停后今日开板，龙虎榜信息显示，一机构专用席位买入326万元。1,龙虎榜
b1ffaf92,收盘了靠几个白马股续命格力电器贵州茅台平安银行...展开全文。1,平安银行
729dda8a,融360分析师对新快报记者表示,非法吸储只要金额达到100万元以上、投资者损失金额在50万元以上、报案人数在150人以上就可以达到立案标准,而且达到任何其一即可。1,融360
b840b24d,根据央行公示信息显示：盒子支付尚未取得央行颁发的支付业务许可即支付牌照，简单的来讲，盒子支付属于无证经营支付业务。1,盒子支付
